INSERT INTO Users (UserID, FName, LName, Email, PasswordHash, RegistrationDate) VALUES 
(1, 'Isaac', 'Martinez', 'isaac.martinez@example.com', 'hashed_password_808', '2024-01-11 00:00:00'),
(2, 'Jane', 'Smith', 'jane.smith@example.com', 'hashed_password_456', '2024-01-02 00:00:00'),
(3, 'Alice', 'Johnson', 'alice.johnson@example.com', 'hashed_password_789', '2024-01-03 00:00:00'),
(4, 'Bob', 'Brown', 'bob.brown@example.com', 'hashed_password_101', '2024-01-04 00:00:00'),
(5, 'Charlie', 'Green', 'charlie.green@example.com', 'hashed_password_202', '2024-01-05 00:00:00'),
(6, 'Diana', 'Prince', 'diana.prince@example.com', 'hashed_password_303', '2024-01-06 00:00:00'),
(7, 'Evan', 'Wright', 'evan.wright@example.com', 'hashed_password_404', '2024-01-07 00:00:00'),
(8, 'Fiona', 'Gallagher', 'fiona.gallagher@example.com', 'hashed_password_505', '2024-01-08 00:00:00'),
(9, 'George', 'King', 'george.king@example.com', 'hashed_password_606', '2024-01-09 00:00:00'),
(10, 'Hannah', 'Abbott', 'hannah.abbott@example.com', 'hashed_password_707', '2024-01-10 00:00:00');


INSERT INTO AccountTypes (AccountTypeID, TypeName) VALUES 
(1, 'Checking'),
(2, 'Savings'),
(3, 'Investment'),
(4, 'Retirement');

INSERT INTO Accounts (AccountID, UserID, AccountTypeID, InstitutionName, Balance, Currency) VALUES 
(1, 1, 1, 'Chase Bank', 5000.00, 'USD'),
(2, 10, 2, 'Bank of America', 3000.00, 'USD'),
(3, 1, 1, 'Wells Fargo', 7000.00, 'USD'),
(4, 3, 3, 'Vanguard', 25000.00, 'USD'),
(5, 8, 2, 'American Express', 10000.00, 'USD'),
(6, 2, 1, 'Citibank', 4500.00, 'USD'),
(7, 2, 3, 'Fidelity Investments', 18000.00, 'USD'),
(8, 2, 2, 'Discover', 6000.00, 'USD'),
(9, 2, 1, 'HSBC', 3500.00, 'USD'),
(10, 2, 3, 'Charles Schwab', 22000.00, 'USD'),
(11, 3, 1, 'JP Morgan Chase', 5500.00, 'USD'),
(12, 3, 2, 'Capital One', 9000.00, 'USD'),
(13, 3, 1, 'TD Bank', 4000.00, 'USD'),
(14, 3, 3, 'Robinhood', 30000.00, 'USD'),
(15, 3, 2, 'Barclays', 7000.00, 'USD'),
(16, 4, 1, 'US Bank', 6000.00, 'USD'),
(17, 4, 3, 'Merrill Lynch', 15000.00, 'USD'),
(18, 4, 2, 'Synchrony Bank', 8000.00, 'USD'),
(19, 5, 1, 'SunTrust Bank', 7000.00, 'USD'),
(20, 5, 3, 'E*TRADE', 25000.00, 'USD'),
(21, 6, 1, 'PNC Bank', 6500.00, 'USD'),
(22, 6,2, 'Ally Bank', 9500.00, 'USD'),
(23, 6, 1, 'Citizens Bank', 5000.00, 'USD'),
(24, 7, 3, 'T. Rowe Price', 28000.00, 'USD'),
(25, 7, 2, 'Navy Federal Credit Union', 8000.00, 'USD'),
(26, 8, 1, 'BB&T Bank', 7000.00, 'USD'),
(27, 9, 3, 'Edward Jones', 20000.00, 'USD'),
(28, 9, 2, 'Fifth Third Bank', 8500.00, 'USD'),
(29, 10, 1, 'Regions Bank', 6000.00, 'USD'),
(30, 10, 3, 'Betterment', 35000.00, 'USD'),
(31, 10, 1, 'BBVA', 7500.00, 'USD');


INSERT INTO CategoryType (TypeID, TypeName) VALUES 
(1, 'Expense'),
(2, 'Income'),
(3, 'Savings'),
(4, 'Investment');

INSERT INTO Categories (CategoryID, Name, TypeID) VALUES 
(1, 'Groceries', 1),
(2, 'Income', 2),
(3, 'Electronics', 1),
(4, 'Utilities', 1),
(5, 'Gifts', 3),
(6, 'Online Subscriptions', 1),
(7, 'Books', 2),
(8, 'Car Maintenance', 1),
(9, 'Consulting', 2),
(10, 'Dining', 1),
(11, 'Travel', 1),
(12, 'Healthcare', 1),
(13, 'Entertainment', 1),
(14, 'Insurance', 1),
(15, 'Education', 1),
(16, 'Rent', 1),
(17, 'Home Improvement', 1),
(18, 'Charity', 2),
(19, 'Taxes', 1),
(20, 'Investments', 4),
(21, 'Shopping', 1),
(22, 'Payments', 1);

INSERT INTO Transactions (TransactionID, AccountID, Date, Amount, CategoryID, Description) VALUES 
(1, 1, '2024-01-01 10:00:00', 100.00, 1, 'Grocery Shopping'),
(2, 2, '2024-01-02 12:00:00', 150.00, 2, 'Freelance Payment'),
(3, 1, '2024-01-03 14:30:00', 200.00, 3, 'Electronics'),
(4, 3, '2024-01-04 09:20:00', 50.00, 4, 'Utilities'),
(5, 5, '2024-01-05 16:45:00', 75.00, 5, 'Gift'),
(6, 4, '2024-02-01 11:00:00', 120.00, 6, 'Online Subscription'),
(7, 6, '2024-02-02 15:30:00', 90.00, 7, 'Book Sale'),
(8, 7, '2024-02-03 10:25:00', 210.00, 8, 'Car Maintenance'),
(9, 8, '2024-02-04 12:45:00', 300.00, 9, 'Consulting Fee'),
(10, 8, '2024-02-05 17:00:00', 160.00, 10, 'Dining Out'), 
(11, 9, '2024-01-06 09:00:00', 80.00, 13, 'Movie Tickets'),
(12, 9, '2024-01-07 11:30:00', 120.00, 8, 'Car Repair'),
(13, 9, '2024-01-08 13:45:00', 150.00, 1, 'Grocery Shopping'),
(14, 10, '2024-01-09 14:00:00', 50.00, 4, 'Phone Bill'),
(15, 10, '2024-01-10 17:15:00', 75.00, 21, 'Gift for Friend'),
(16, 11, '2024-02-06 10:30:00', 100.00, 21, 'Online Shopping'),
(17, 11, '2024-02-07 12:00:00', 85.00, 15, 'Book Purchase'),
(18, 11, '2024-02-08 14:30:00', 220.00, 14, 'Car Insurance Payment'),
(19, 12, '2024-02-09 16:00:00', 350.00, 4, 'Software Development'),
(20, 12, '2024-02-10 18:00:00', 170.00, 10, 'Dinner with Family'),
(21, 12, '2024-02-11 09:30:00', 90.00, 13, 'Concert Tickets'),
(22, 13, '2024-02-12 11:45:00', 130.00, 17, 'Home Repairs'),
(23, 13, '2024-02-13 14:15:00', 160.00, 1, 'Grocery Shopping'),
(24, 14, '2024-02-14 15:30:00', 60.00, 4, 'Internet Bill'),
(25, 14, '2024-02-15 17:45:00', 80.00, 21, 'Gift for Colleague'),
(26, 15, '2024-03-01 10:00:00', 110.00, 12, 'Gym Membership'),
(27, 16, '2024-03-02 12:15:00', 95.00, 2, 'Movie Rental'),
(28, 17, '2024-03-03 14:45:00', 230.00, 22, 'Car Loan Payment'),
(29, 18, '2024-03-04 16:30:00', 380.00, 20, 'Marketing Consultation'),
(30, 18, '2024-03-05 19:00:00', 180.00, 10, 'Lunch Meeting'),
(31, 18, '2024-03-06 09:45:00', 100.00, 13, 'Theater Tickets'),
(32, 18, '2024-03-07 11:00:00', 140.00, 2, 'Appliance Repair'),
(33, 19, '2024-03-08 13:30:00', 170.00, 1, 'Grocery Shopping'),
(34, 19, '2024-03-09 15:45:00', 70.00, 4, 'Electricity Bill'),
(35, 20, '2024-03-10 18:15:00', 85.00, 21, 'Gift for Birthday'),
(36, 21, '2024-04-01 10:30:00', 120.00, 21, 'Clothing Purchase'),
(37, 2, '2024-04-02 12:45:00', 100.00, 17, 'Gardening Supplies'),
(38, 23, '2024-04-03 14:00:00', 240.00, 22, 'Car Lease Payment'),
(39, 24, '2024-04-04 16:15:00', 400.00, 9, 'Legal Services'),
(40, 26, '2024-04-05 19:30:00', 190.00, 10, 'Dinner Party'),
(41, 25, '2024-04-06 09:00:00', 110.00, 13, 'Amusement Park Tickets'),
(42, 27, '2024-04-07 11:15:00', 150.00, 17, 'Plumbing Repair'),
(43, 27, '2024-04-08 13:45:00', 180.00, 1, 'Grocery Shopping'),
(44, 29, '2024-04-09 15:00:00', 80.00, 4, 'Gas Bill'),
(45, 29, '2024-04-10 17:30:00', 95.00, 3, 'Gift for Anniversary'),
(46, 29, '2024-05-01 10:45:00', 130.00, 17, 'Home Decor'),
(47, 28, '2024-05-02 12:00:00', 105.00, 6, 'Netflix Subscription'),
(48, 31, '2024-05-03 14:15:00', 250.00, 22, 'Car Rental Payment'),
(49, 31, '2024-05-04 16:45:00', 420.00, 20, 'Financial Advisory'),
(50, 30, '2024-05-05 20:00:00', 200.00, 10, 'Brunch with Friends'),
(51, 30, '2024-05-06 09:30:00', 120.00, 13, 'Zoo Tickets'),
(52, 17, '2024-05-07 11:45:00', 160.00, 17, 'Roof Repair'),
(53, 13, '2024-05-08 13:30:00', 190.00, 1, 'Grocery Shopping'),
(54, 3, '2024-05-09 15:45:00', 90.00, 4, 'Water Bill'),
(55, 5, '2024-05-10 18:00:00', 105.00, 5, 'Gift for Graduation');


INSERT INTO InvestmentTypes (InvestmentTypeID, TypeName) VALUES 
(1, 'Stocks'),
(2, 'Bonds'),
(3, 'Real Estate'),
(4, 'Cryptocurrency');

INSERT INTO Investments (InvestmentID, AccountID, AmountInvested, CurrentValue, DatePurchased, InvestmentTypeID) VALUES 
(1, 1, 5000.00, 5500.00, '2023-01-01', 1),
(2, 2, 10000.00, 10200.00, '2023-02-01', 2),
(3, 3, 15000.00, 15200.00, '2023-03-01', 3),
(4, 4, 2000.00, 2100.00, '2023-04-01', 4),
(5, 5, 3000.00, 3200.00, '2023-05-01', 2),
(6, 6, 1000.00, 1200.00, '2023-06-01', 1),
(7, 7, 4000.00, 4100.00, '2023-07-01', 3),
(8, 8, 500.00, 550.00, '2023-08-01', 2),
(9, 9, 6000.00, 6100.00, '2023-09-01', 2),
(10, 10, 200.00, 250.00, '2023-10-01', 1);

INSERT INTO Budgets (BudgetID, UserID, Amount, StartDate, EndDate) VALUES 
(1, 1, 300.00, '2024-01-01', '2024-01-31'),
(2, 2, 200.00, '2024-01-01', '2024-01-31'),
(3, 3, 500.00, '2024-01-01', '2024-01-31'),
(4, 4, 150.00, '2024-01-01', '2024-01-31'),
(5, 5, 250.00, '2024-01-01', '2024-01-31'),
(6, 6, 400.00, '2024-02-01', '2024-02-28'),
(7, 7, 350.00, '2024-02-01', '2024-02-28'),
(8, 8, 220.00, '2024-02-01', '2024-02-28'),
(9, 9, 180.00, '2024-02-01', '2024-02-28'),
(10, 10, 260.00, '2024-02-01', '2024-02-28');

INSERT INTO SavingsGoals (GoalID, UserID, Name, TargetAmount, CurrentAmount, TargetDate) VALUES 
(1, 1, 'Vacation', 2000.00, 500.00, '2025-12-31'),
(2, 2, 'Emergency Fund', 5000.00, 1000.00, '2024-12-31'),
(3, 3, 'Home Down Payment', 20000.00, 3000.00, '2026-12-31'),
(4, 4, 'Car Replacement', 15000.00, 2500.00, '2025-06-30'),
(5, 5, 'Education Fund', 10000.00, 2000.00, '2027-08-31'),
(6, 6, 'Retirement', 50000.00, 4000.00, '2030-12-31'),
(7, 7, 'Wedding', 10000.00, 1500.00, '2024-07-31'),
(8, 8, 'Business Startup', 30000.00, 5000.00, '2025-01-31'),
(9, 9, 'Technology Upgrade', 5000.00, 1200.00, '2024-11-30'),
(10, 10, 'Charity Fund', 2000.00, 300.00, '2024-12-31');
